<?xml version="1.0" encoding="UTF-8"?>
<CustomField xmlns="http://soap.sforce.com/2006/04/metadata">
    <fullName>Billing_Country__c</fullName>
    <externalId>false</externalId>
    <label>Billing Country</label>
    <required>false</required>
    <trackTrending>false</trackTrending>
    <type>Picklist</type>
    <valueSet>
        <restricted>true</restricted>
        <valueSetDefinition>
            <sorted>false</sorted>
            <value>
                <fullName>United States</fullName>
                <default>false</default>
                <label>United States</label>
            </value>
            <value>
                <fullName>Canada</fullName>
                <default>false</default>
                <label>Canada</label>
            </value>
            <value>
                <fullName>United Kingdom</fullName>
                <default>false</default>
                <label>United Kingdom</label>
            </value>
            <value>
                <fullName>Germany</fullName>
                <default>false</default>
                <label>Germany</label>
            </value>
            <value>
                <fullName>France</fullName>
                <default>false</default>
                <label>France</label>
            </value>
            <value>
                <fullName>India</fullName>
                <default>false</default>
                <label>India</label>
            </value>
            <value>
                <fullName>Australia</fullName>
                <default>false</default>
                <label>Australia</label>
            </value>
            <value>
                <fullName>Brazil</fullName>
                <default>false</default>
                <label>Brazil</label>
            </value>
            <value>
                <fullName>Japan</fullName>
                <default>false</default>
                <label>Japan</label>
            </value>
            <value>
                <fullName>China</fullName>
                <default>false</default>
                <label>China</label>
            </value>
            <value>
                <fullName>Mexico</fullName>
                <default>false</default>
                <label>Mexico</label>
            </value>
            <value>
                <fullName>Italy</fullName>
                <default>false</default>
                <label>Italy</label>
            </value>
            <value>
                <fullName>Spain</fullName>
                <default>false</default>
                <label>Spain</label>
            </value>
            <value>
                <fullName>Netherlands</fullName>
                <default>false</default>
                <label>Netherlands</label>
            </value>
            <value>
                <fullName>Sweden</fullName>
                <default>false</default>
                <label>Sweden</label>
            </value>
            <value>
                <fullName>Switzerland</fullName>
                <default>false</default>
                <label>Switzerland</label>
            </value>
            <value>
                <fullName>South Africa</fullName>
                <default>false</default>
                <label>South Africa</label>
            </value>
            <value>
                <fullName>Singapore</fullName>
                <default>false</default>
                <label>Singapore</label>
            </value>
            <value>
                <fullName>United Arab Emirates</fullName>
                <default>false</default>
                <label>United Arab Emirates</label>
            </value>
            <value>
                <fullName>New Zealand</fullName>
                <default>false</default>
                <label>New Zealand</label>
            </value>
        </valueSetDefinition>
    </valueSet>
</CustomField>
